study.name,n,ESL,prof,scope,type
Ellis.sh1,13,1,2,0,1
Ellis.sh1,13,1,2,0,1
Ellis.sh1,15,1,2,0,1
Ellis.sh1,15,1,2,0,1
Ellis.sh1,16,1,2,0,1
Ellis.sh1,16,1,2,0,1
,,,,,
Goey1,13,0,1,1,0
Goey1,13,0,1,1,0
Goey1,15,0,1,1,0
Goey1,15,0,1,1,0
Goey1,16,0,1,1,0
Goey1,16,0,1,1,0
,,,,,
kabla,13,1,3,0,1
kabla,13,1,3,0,1
kabla,13,1,3,0,1
kabla,15,1,3,0,1
kabla,15,1,3,0,1
kabla,15,1,3,0,1
kabla,16,1,3,0,1
kabla,16,1,3,0,1
kabla,16,1,3,0,1
